id,date
94,2022-07-01
119,2022-08-28
97,2022-07-18
120,2022-08-28
128,2022-08-28
99,2022-07-18
100,2022-07-18
101,2022-07-18
98,2022-07-18
121,2022-08-28
104,2022-07-18
105,2022-07-18
106,2022-07-18
107,2022-07-27
108,2022-07-27
109,2022-07-27
124,2022-08-28
110,2022-08-10
96,2022-07-18
111,2022-08-10
127,2022-08-28
133,2022-08-28
129,2022-08-28
130,2022-08-28
95,2022-07-18
131,2022-08-28
126,2022-08-28
135,2022-08-28
132,2022-08-28
112,2022-08-19
136,2022-08-28
113,2022-08-22
114,2022-08-22
115,2022-08-22
116,2022-08-22
117,2022-08-18
103,2022-07-18
102,2022-07-18
134,2022-08-28
137,2022-08-28
145,2022-08-31
118,2022-08-26
146,2022-08-31
125,2022-08-28
122,2022-08-28
138,2022-08-28
139,2022-08-28
140,2022-08-28
141,2022-08-28
142,2022-08-29
143,2022-08-29
144,2022-08-29
147,2022-08-31
148,2022-08-31
149,2022-08-31
150,2022-08-31
151,2022-08-31
152,2022-08-31
153,2022-08-31
154,2022-08-31
155,2022-08-31
156,2022-08-31
157,2022-08-31
158,2022-08-31
159,2022-08-31
160,2022-08-31
161,2022-08-31
162,2022-08-31
163,2022-08-31
164,2022-08-31
165,2022-08-31
166,2022-08-31
167,2022-08-31
168,2022-08-31
169,2022-08-31
170,2022-08-31
172,2022-12-10
173,2022-09-02
174,2022-09-02
178,2022-09-02
177,2022-09-02
179,2022-09-02
175,2022-09-02
180,2022-09-02
176,2022-09-02
207,2022-09-04
188,2022-09-03
171,2022-09-02
181,2022-09-04
182,2022-09-03
183,2022-09-03
184,2022-09-03
185,2022-09-03
123,2022-08-28
186,2022-09-03
208,2022-09-04
209,2022-09-04
210,2022-09-05
189,2022-09-03
190,2022-09-03
211,2022-09-05
212,2022-09-05
200,2022-09-03
196,2022-09-03
195,2022-09-03
194,2022-09-03
193,2022-09-03
192,2022-09-03
214,2022-09-04
198,2022-09-06
197,2022-09-06
199,2022-09-06
187,2022-09-03
191,2022-09-03
201,2022-09-04
202,2022-09-04
203,2022-09-04
204,2022-09-05
205,2022-09-05
206,2022-09-05
213,2022-09-04
215,2022-09-04
218,2022-09-05
216,2022-09-05
217,2022-09-05
221,2022-09-04
219,2022-09-04
220,2022-09-04
224,2022-09-05
222,2022-09-05
223,2022-09-05
226,2022-09-04
227,2022-09-04
225,2022-09-04
230,2022-09-05
228,2022-09-05
229,2022-09-05
231,2022-09-04
232,2022-09-05
235,2022-09-04
236,2022-09-05
237,2022-09-04
233,2022-09-04
234,2022-09-05
238,2022-09-04
239,2022-09-05
240,2022-09-04
241,2022-09-05
242,2022-09-04
243,2022-09-05
244,2022-09-04
245,2022-09-05
246,2022-09-04
247,2022-09-05
248,2022-09-04
249,2022-09-05
250,2022-09-04
251,2022-09-05
252,2022-09-04
253,2022-09-05
254,2022-09-04
255,2022-09-05
256,2022-09-04
257,2022-09-05
260,2022-09-05
273,2022-09-06
274,2022-09-07
269,2022-09-27
268,2022-09-27
271,2022-09-27
267,2022-09-27
272,2022-09-27
258,2022-09-04
259,2022-09-05
275,2022-09-07
276,2022-09-25
277,2022-09-07
278,2022-09-18
279,2022-09-20
280,2022-09-08
281,2022-09-09
282,2022-09-07
283,2022-09-08
270,2022-09-27
284,2022-09-10
285,2022-09-09
286,2022-09-09
287,2022-09-09
288,2022-09-10
304,2022-09-10
291,2022-09-10
305,2022-09-10
306,2022-09-11
307,2022-09-11
308,2022-09-11
309,2022-09-11
310,2022-09-12
311,2022-09-12
312,2022-09-12
316,2022-09-11
320,2022-09-12
321,2022-09-12
328,2022-09-13
290,2022-09-10
289,2022-09-10
336,2022-09-13
318,2022-09-12
349,2022-09-19
313,2022-09-12
343,2022-09-13
319,2022-09-12
317,2022-09-11
330,2022-09-13
315,2022-09-11
314,2022-09-11
323,2022-09-12
324,2022-09-12
325,2022-09-12
326,2022-09-12
327,2022-09-12
345,2022-09-15
333,2022-09-13
344,2022-09-15
346,2022-09-28
337,2022-09-12
334,2022-09-13
335,2022-09-13
338,2022-09-13
339,2022-09-13
332,2022-09-13
329,2022-09-13
331,2022-09-13
340,2022-09-13
341,2022-09-13
350,2022-09-18
348,2022-09-20
342,2022-09-13
351,2022-09-19
352,2022-09-18
353,2022-09-19
354,2022-09-18
355,2022-09-28
358,2022-09-27
359,2022-09-19
360,2022-09-19
365,2022-09-24
362,2022-09-20
363,2022-09-21
322,2022-08-28
366,2022-10-11
367,2022-10-11
396,2022-10-17
369,2022-10-24
370,2022-11-28
371,2022-10-17
397,2022-10-17
372,2022-10-05
373,2022-10-17
374,2022-10-17
375,2022-10-17
376,2022-10-17
377,2022-10-17
378,2022-10-18
379,2022-10-18
380,2022-10-18
381,2022-10-18
384,2022-10-17
385,2022-10-17
389,2022-10-18
388,2022-10-18
386,2022-10-18
387,2022-10-18
382,2022-10-17
383,2022-10-17
392,2022-10-17
393,2022-10-18
394,2022-10-18
395,2022-10-18
390,2022-10-17
391,2022-10-17
408,2022-10-20
400,2022-10-17
398,2022-10-17
402,2022-10-17
401,2022-10-17
399,2022-10-17
410,2022-10-20
403,2022-10-18
404,2022-10-20
405,2022-10-19
411,2022-10-19
406,2022-10-19
412,2022-10-19
413,2022-10-23
415,2022-10-29
407,2022-10-19